{
    "dataDiscoverySummary":"Data Discovery Summary",
    "numOfDataCenter":"Data Center (s)",
    "numOfServers":"Server (s)",
    "numOfEnvironments":"Environment (s)",
    "numOfLOB":"LOB (s)",
    "numOfApplication":"Application (s)",
    "numOfVendorApps":"Vendor Apps (s)",
    "environment":"Environment",
    "OSType":"OS Type",


    "endOfLife":"End Of Life",
    "serverEOL":"OS/Server EOL",
    "softwareEOL":"Software EOL",


    "ROI":"Return On Investment",
    "for3Years":"For 3 years",
    "ROISurveyDesc":"Has your requirments have changed ? Just take the survey again to see the new savings.",
    "takeSurveyAgain":"Take Assessment Again",
    "takeSurvey":"Take Assessment",


    "surveyProgress":"Survey Progress",
    "lineOfBusiness":"Line of Business",
    "numOfApplications":"No. of Applications",
    "surveyStatus":"Survey Status",
    "pleaseTakeSurvey":"Please take Survey",
    "surveyComplete":"Survey Complete",

    "totalSurveyStatus":"Total Survey Status",
    "RStatus":"6 R's Status",
    "REvaluationProgress":"6 R's Evaluation Progress",
    "migrationStatus":"Migration Status",

    "delegateStatus":"Delegate Status",
    "assignedBy":"Assigned By",
    "assignedTo":"Assigned To",
    "surveyStatus1":"Survey Status",
    "notify":"Notify",
    "sendReminder":"Send Reminder",

    "moveGroups":"MoveGroups",
    "rehost":"Rehost",
    "replatform":"Replatform",
    "replace":"Replace",
    "rearchitect":"Rearchitect",
    "reBuild":"ReBuild",
    "retain":"Retain"


}