{
    "OrgSetup":"Organization Setup",
    "OrgName":"Organization Name",
    "validOrgName":"Please enter a valid Organization Name",
    "Address":"Address",
    "validAddress":"Please enter a valid Address",
    "PostCode":"Postal Code",
    "validPostal":"Please enter a valid Postal Code",
    "contName":"Contact Name",
    "validContact":"Please enter a valid Contact Name",
    "contactNum" :"Contact Number",
    "requiredContact": "Contact number is required",
    "enterNums": "Please enter Numbers",
    "Email" : "Email",
    "validEmail" : "Please enter a valid EmailId",
    "Cancel" : "Cancel",
    "Submit" : "Submit"


 }