{
    "ProductEndOfLife":"Product End Of Life ",
    "databaseEOL":"Database EOL",
    "softwareEOL":"Software EOL",
    "osServerEOL":"OS/Server EOL",
    "selectView":"Select view:",

    "database":"Database",
    "software":"Software",
    "osServer":"OS/Server",
    "applicationServer":"Application Server",
    "webServer":"Web Server",


    "appName":"App Name",
    "LOBName":"LOB Name",
    "databaseType":"Database Type",
    "databaseVersion":"Database Version",
    "supportDate":"Support Date",
    "endOfLifeDate":"End of Life Date",
    "criticality":"Criticality",


    "programmingLanguage":"programming Language",
    "programmingVersion":"programming version",


    "hostName":"Host Name",
    "IPAddress":"IP Address",
    "environment":"Environment",
    "OS":"OS",
    "OSVersion":"OS Version",


    "appServerType":"App Server Type",
    "appServerVersion":"App Server Version",


    "webServerType":"Web Server Type",
    "webServerVersion":"Web Server Version"


 


   




}