{
   "R_Analysis" : "6 R's Analysis",
   "email" : "Email",
   "print" : "Print",
   "download" : "Download",
   "evaluation" : "Evaluation",
   "identifiedApp":"Identified applications to be processed",
   "evaluated":"Evaluated applications",
   "dataVersion":"Data Version",
   "dataSubmission":"Data submission",
   "LastEvalUpdate" : "Last Evaluation Update",
   "reportGen":"Report Generation",
   "dataCriticality" : "Data Criticality",
   "appCriticality" : "Application Criticality",
   "rehost":"Rehost",
   "rePlatform":"Replatform",
   "replace":"Replace",
   "rearchitect": "Rearchitect",
   "reBuild" : "ReBuild",
   "Retain" :"Retain",
   "Rehost" : "Rehost"  
}