{
    "selectView:":"Select view:",
    "application":"Appplication",
    "infrastructure":"Infrastructure",
    "process":"Process",
    "search":"Search",
    "addNew":"Add New",


    "applicationID":"Application ID",
    "applicationName":"Application Name",
    "applicationDescription":"Application Description",
    "applicationManager":"Application Manager",
    "vendorName":"Vendor Name",
    "applicationCriticality":"Application Criticality",
    "dataCriticality":"Data Criticality",
    "delete":"Delete",
    "baselineData":"Baseline Data",
    "pushtoDatabase":"Push to Database",

    "hostName":"Host Name",
    "IPAddress":"IP Address",
    "hypervisor":"Hypervisor",
    "OSType":"OS Type",
    "OSVersion":"OS Version",
    "OSBitness":"OS Bitness",
    "physicalOrVirtual":"Physical OR Virtual",
    "serverType":"Server Type",
    "environment":"Environment",
    "dataCenter":"Data Center",
    "businessUnit":"Business Unit",
    "serverOwner":"Server Owner",
    "InScope":"In Scope",
    "CPUType":"CPU Type",
    "CPU":"CPU",
    "totalCores":"Total Cores",
    "memory":"Memory",
    "diskSize":"Disk Size",
    "diskFreeSpace":"Disk Free Space",
    "avgCPUUsage":"Avg CPU Usage",
    "avgMemoryUsage":"Avg Memory Usage",
    "peakCPUUsage":"Peak CPU Usage",
    "peakMemoryUsage":"Peak Memory Usage",
    "avgStorageIOPS":"Avg Storage IOPS",
    "peakStorageIOPS":"Peak Storage IOPS",
    "avgStorageReadIOPS":"Avg Storage Read IOPS",
    "avgStorageWriteIOPS":"Avg Storage Write IOPS",
    "peakNetworkUsage":"Peak Network Usage",
    "maxNetworkUsageRate":"Max Network Usage Rate",


    "appName":"App Name",
    "businessOwner":"Business Owner",
    "businessOwnerEmployeeID":" Business Owner Employee ID",
    "businessManager":"Business Manager",
    "businessManagerEmployeeID":"Business Manager Employee ID",
    "ETDirector":"ET Director",
    "ETDirectorEmployeeID":"ET Director Employee ID",
    "ETManager":"ET Manager",
    "ETManagerEmployeeID":"ET Manager Employee ID",
    "ETPrimaryTechnical":"ET Primary Technical",
    "ETPrimaryTechnicalEmployeeID":"ET Primary Technical Employee ID",
    "ETSecondaryTechnical":"ET Secondary Technical",
    "ETSecondaryTechnicalEmployeeID":"ET Secondary Technical Employee ID",
    "SCName":"SC Name",
    "domain":"Domain",
    "managerCertification":"Manager Certification",
    "qualityScore":"Quality Score",
    "DRExerciseResults":"DR Exercise Results",
    "applicationDRPlan":"Application DR Plan",
    "DRExerciseDate":"DR Exercise Date",
    "DRTier":"DR Tier",
    "DRPlanDate":"DR Plan Date"




}